Total Purchase,Frequency,Recency
1035.192274676525,3.1426987060998153,53.663216266173755
5468.123006993007,12.4988344988345,28.060606060606062
439.3176051464064,1.4392191659272404,264.53061224489795
